source_process,analyzed_process_location,source_material,profile_rows,total_abs_amount,methods
Bauxite mining,AU,bauxite,15,0.06364283452513696,Acidification Potential (Ap); Ecotoxicity: Freshwater; Eutrophication Potential; Global Warming Potential (Gwp100); Human Toxicity: Carcinogenic; Human Toxicity: Non-Carcinogenic; Maximum Incremental Reactivity (Mir); Ozone Depletion Potential (Odp); Particulate Matter Formation Potential (Pmfp)
Bauxite mining,CN,bauxite,15,0.06364283452513696,Acidification Potential (Ap); Ecotoxicity: Freshwater; Eutrophication Potential; Global Warming Potential (Gwp100); Human Toxicity: Carcinogenic; Human Toxicity: Non-Carcinogenic; Maximum Incremental Reactivity (Mir); Ozone Depletion Potential (Odp); Particulate Matter Formation Potential (Pmfp)
Bauxite mining,GR,bauxite,15,0.06364283452513696,Acidification Potential (Ap); Ecotoxicity: Freshwater; Eutrophication Potential; Global Warming Potential (Gwp100); Human Toxicity: Carcinogenic; Human Toxicity: Non-Carcinogenic; Maximum Incremental Reactivity (Mir); Ozone Depletion Potential (Odp); Particulate Matter Formation Potential (Pmfp)
Bauxite mining,KZ,bauxite,15,0.06364283452513696,Acidification Potential (Ap); Ecotoxicity: Freshwater; Eutrophication Potential; Global Warming Potential (Gwp100); Human Toxicity: Carcinogenic; Human Toxicity: Non-Carcinogenic; Maximum Incremental Reactivity (Mir); Ozone Depletion Potential (Odp); Particulate Matter Formation Potential (Pmfp)
Bayer liquor refining,AU,4N_Ga,15,3587.1565303038074,Acidification Potential (Ap); Ecotoxicity: Freshwater; Eutrophication Potential; Global Warming Potential (Gwp100); Human Toxicity: Carcinogenic; Human Toxicity: Non-Carcinogenic; Maximum Incremental Reactivity (Mir); Ozone Depletion Potential (Odp); Particulate Matter Formation Potential (Pmfp)
Bayer liquor refining,CA,4N_Ga,15,2875.553446154487,Acidification Potential (Ap); Ecotoxicity: Freshwater; Eutrophication Potential; Global Warming Potential (Gwp100); Human Toxicity: Carcinogenic; Human Toxicity: Non-Carcinogenic; Maximum Incremental Reactivity (Mir); Ozone Depletion Potential (Odp); Particulate Matter Formation Potential (Pmfp)
Bayer liquor refining,CN,4N_Ga,15,3101.112745187325,Acidification Potential (Ap); Ecotoxicity: Freshwater; Eutrophication Potential; Global Warming Potential (Gwp100); Human Toxicity: Carcinogenic; Human Toxicity: Non-Carcinogenic; Maximum Incremental Reactivity (Mir); Ozone Depletion Potential (Odp); Particulate Matter Formation Potential (Pmfp)
Bayer liquor refining,GR,4N_Ga,15,4010.3181014655447,Acidification Potential (Ap); Ecotoxicity: Freshwater; Eutrophication Potential; Global Warming Potential (Gwp100); Human Toxicity: Carcinogenic; Human Toxicity: Non-Carcinogenic; Maximum Incremental Reactivity (Mir); Ozone Depletion Potential (Odp); Particulate Matter Formation Potential (Pmfp)
Bayer liquor refining,KZ,4N_Ga,15,3241.147375407396,Acidification Potential (Ap); Ecotoxicity: Freshwater; Eutrophication Potential; Global Warming Potential (Gwp100); Human Toxicity: Carcinogenic; Human Toxicity: Non-Carcinogenic; Maximum Incremental Reactivity (Mir); Ozone Depletion Potential (Odp); Particulate Matter Formation Potential (Pmfp)
Bayer liquor refining,US,4N_Ga,15,2742.315650813905,Acidification Potential (Ap); Ecotoxicity: Freshwater; Eutrophication Potential; Global Warming Potential (Gwp100); Human Toxicity: Carcinogenic; Human Toxicity: Non-Carcinogenic; Maximum Incremental Reactivity (Mir); Ozone Depletion Potential (Odp); Particulate Matter Formation Potential (Pmfp)
Bayer process / alumina refining,AU,Bayer_liquor,15,121.42859780422864,Acidification Potential (Ap); Ecotoxicity: Freshwater; Eutrophication Potential; Global Warming Potential (Gwp100); Human Toxicity: Carcinogenic; Human Toxicity: Non-Carcinogenic; Maximum Incremental Reactivity (Mir); Ozone Depletion Potential (Odp); Particulate Matter Formation Potential (Pmfp)
Bayer process / alumina refining,CA,Bayer_liquor,15,55.0575541568036,Acidification Potential (Ap); Ecotoxicity: Freshwater; Eutrophication Potential; Global Warming Potential (Gwp100); Human Toxicity: Carcinogenic; Human Toxicity: Non-Carcinogenic; Maximum Incremental Reactivity (Mir); Ozone Depletion Potential (Odp); Particulate Matter Formation Potential (Pmfp)
Bayer process / alumina refining,CN,Bayer_liquor,15,98.42371409695996,Acidification Potential (Ap); Ecotoxicity: Freshwater; Eutrophication Potential; Global Warming Potential (Gwp100); Human Toxicity: Carcinogenic; Human Toxicity: Non-Carcinogenic; Maximum Incremental Reactivity (Mir); Ozone Depletion Potential (Odp); Particulate Matter Formation Potential (Pmfp)
Bayer process / alumina refining,GR,Bayer_liquor,15,58.69331436515859,Acidification Potential (Ap); Ecotoxicity: Freshwater; Eutrophication Potential; Global Warming Potential (Gwp100); Human Toxicity: Carcinogenic; Human Toxicity: Non-Carcinogenic; Maximum Incremental Reactivity (Mir); Ozone Depletion Potential (Odp); Particulate Matter Formation Potential (Pmfp)
Bayer process / alumina refining,KZ,Bayer_liquor,15,96.60164042842601,Acidification Potential (Ap); Ecotoxicity: Freshwater; Eutrophication Potential; Global Warming Potential (Gwp100); Human Toxicity: Carcinogenic; Human Toxicity: Non-Carcinogenic; Maximum Incremental Reactivity (Mir); Ozone Depletion Potential (Odp); Particulate Matter Formation Potential (Pmfp)
Bayer process / alumina refining,US,Bayer_liquor,15,55.05755416803661,Acidification Potential (Ap); Ecotoxicity: Freshwater; Eutrophication Potential; Global Warming Potential (Gwp100); Human Toxicity: Carcinogenic; Human Toxicity: Non-Carcinogenic; Maximum Incremental Reactivity (Mir); Ozone Depletion Potential (Odp); Particulate Matter Formation Potential (Pmfp)
High-purity gallium refining,CA,6N_Ga,15,15.237424704275067,Acidification Potential (Ap); Ecotoxicity: Freshwater; Eutrophication Potential; Global Warming Potential (Gwp100); Human Toxicity: Carcinogenic; Human Toxicity: Non-Carcinogenic; Maximum Incremental Reactivity (Mir); Ozone Depletion Potential (Odp); Particulate Matter Formation Potential (Pmfp)
High-purity gallium refining,CN,6N_Ga,15,15.384472341775943,Acidification Potential (Ap); Ecotoxicity: Freshwater; Eutrophication Potential; Global Warming Potential (Gwp100); Human Toxicity: Carcinogenic; Human Toxicity: Non-Carcinogenic; Maximum Incremental Reactivity (Mir); Ozone Depletion Potential (Odp); Particulate Matter Formation Potential (Pmfp)
High-purity gallium refining,JP,6N_Ga,15,15.269283544098363,Acidification Potential (Ap); Ecotoxicity: Freshwater; Eutrophication Potential; Global Warming Potential (Gwp100); Human Toxicity: Carcinogenic; Human Toxicity: Non-Carcinogenic; Maximum Incremental Reactivity (Mir); Ozone Depletion Potential (Odp); Particulate Matter Formation Potential (Pmfp)
High-purity gallium refining,US,6N_Ga,15,15.326051190697175,Acidification Potential (Ap); Ecotoxicity: Freshwater; Eutrophication Potential; Global Warming Potential (Gwp100); Human Toxicity: Carcinogenic; Human Toxicity: Non-Carcinogenic; Maximum Incremental Reactivity (Mir); Ozone Depletion Potential (Odp); Particulate Matter Formation Potential (Pmfp)
TMG synthesis,CN,TMG,15,351.18106969855563,Acidification Potential (Ap); Ecotoxicity: Freshwater; Eutrophication Potential; Global Warming Potential (Gwp100); Human Toxicity: Carcinogenic; Human Toxicity: Non-Carcinogenic; Maximum Incremental Reactivity (Mir); Ozone Depletion Potential (Odp); Particulate Matter Formation Potential (Pmfp)
TMG synthesis,JP,TMG,15,350.0876626806271,Acidification Potential (Ap); Ecotoxicity: Freshwater; Eutrophication Potential; Global Warming Potential (Gwp100); Human Toxicity: Carcinogenic; Human Toxicity: Non-Carcinogenic; Maximum Incremental Reactivity (Mir); Ozone Depletion Potential (Odp); Particulate Matter Formation Potential (Pmfp)
TMG synthesis,KR,TMG,15,351.37088323710947,Acidification Potential (Ap); Ecotoxicity: Freshwater; Eutrophication Potential; Global Warming Potential (Gwp100); Human Toxicity: Carcinogenic; Human Toxicity: Non-Carcinogenic; Maximum Incremental Reactivity (Mir); Ozone Depletion Potential (Odp); Particulate Matter Formation Potential (Pmfp)
TMG synthesis,US,TMG,15,350.28105086305146,Acidification Potential (Ap); Ecotoxicity: Freshwater; Eutrophication Potential; Global Warming Potential (Gwp100); Human Toxicity: Carcinogenic; Human Toxicity: Non-Carcinogenic; Maximum Incremental Reactivity (Mir); Ozone Depletion Potential (Odp); Particulate Matter Formation Potential (Pmfp)
Wafer manufacturing,CN,GaAs_wafer,15,14615.675333370456,Acidification Potential (Ap); Ecotoxicity: Freshwater; Eutrophication Potential; Global Warming Potential (Gwp100); Human Toxicity: Carcinogenic; Human Toxicity: Non-Carcinogenic; Maximum Incremental Reactivity (Mir); Ozone Depletion Potential (Odp); Particulate Matter Formation Potential (Pmfp)
Wafer manufacturing,CN,GaN_wafer,15,951555.8967332706,Acidification Potential (Ap); Ecotoxicity: Freshwater; Eutrophication Potential; Global Warming Potential (Gwp100); Human Toxicity: Carcinogenic; Human Toxicity: Non-Carcinogenic; Maximum Incremental Reactivity (Mir); Ozone Depletion Potential (Odp); Particulate Matter Formation Potential (Pmfp)
Wafer manufacturing,JP,GaAs_wafer,15,13150.602943611193,Acidification Potential (Ap); Ecotoxicity: Freshwater; Eutrophication Potential; Global Warming Potential (Gwp100); Human Toxicity: Carcinogenic; Human Toxicity: Non-Carcinogenic; Maximum Incremental Reactivity (Mir); Ozone Depletion Potential (Odp); Particulate Matter Formation Potential (Pmfp)
Wafer manufacturing,JP,GaN_wafer,15,882837.5075776535,Acidification Potential (Ap); Ecotoxicity: Freshwater; Eutrophication Potential; Global Warming Potential (Gwp100); Human Toxicity: Carcinogenic; Human Toxicity: Non-Carcinogenic; Maximum Incremental Reactivity (Mir); Ozone Depletion Potential (Odp); Particulate Matter Formation Potential (Pmfp)
Wafer manufacturing,KR,GaAs_wafer,15,14929.79561570043,Acidification Potential (Ap); Ecotoxicity: Freshwater; Eutrophication Potential; Global Warming Potential (Gwp100); Human Toxicity: Carcinogenic; Human Toxicity: Non-Carcinogenic; Maximum Incremental Reactivity (Mir); Ozone Depletion Potential (Odp); Particulate Matter Formation Potential (Pmfp)
Wafer manufacturing,KR,GaN_wafer,15,965865.6338075276,Acidification Potential (Ap); Ecotoxicity: Freshwater; Eutrophication Potential; Global Warming Potential (Gwp100); Human Toxicity: Carcinogenic; Human Toxicity: Non-Carcinogenic; Maximum Incremental Reactivity (Mir); Ozone Depletion Potential (Odp); Particulate Matter Formation Potential (Pmfp)
Wafer manufacturing,US,GaAs_wafer,15,13515.637417299735,Acidification Potential (Ap); Ecotoxicity: Freshwater; Eutrophication Potential; Global Warming Potential (Gwp100); Human Toxicity: Carcinogenic; Human Toxicity: Non-Carcinogenic; Maximum Incremental Reactivity (Mir); Ozone Depletion Potential (Odp); Particulate Matter Formation Potential (Pmfp)
Wafer manufacturing,US,GaN_wafer,15,898224.0104226632,Acidification Potential (Ap); Ecotoxicity: Freshwater; Eutrophication Potential; Global Warming Potential (Gwp100); Human Toxicity: Carcinogenic; Human Toxicity: Non-Carcinogenic; Maximum Incremental Reactivity (Mir); Ozone Depletion Potential (Odp); Particulate Matter Formation Potential (Pmfp)
ZLR refining,CN,4N_Ga,15,16071.848398612356,Acidification Potential (Ap); Ecotoxicity: Freshwater; Eutrophication Potential; Global Warming Potential (Gwp100); Human Toxicity: Carcinogenic; Human Toxicity: Non-Carcinogenic; Maximum Incremental Reactivity (Mir); Ozone Depletion Potential (Odp); Particulate Matter Formation Potential (Pmfp)
ZLR refining,JP,4N_Ga,15,16038.932521269653,Acidification Potential (Ap); Ecotoxicity: Freshwater; Eutrophication Potential; Global Warming Potential (Gwp100); Human Toxicity: Carcinogenic; Human Toxicity: Non-Carcinogenic; Maximum Incremental Reactivity (Mir); Ozone Depletion Potential (Odp); Particulate Matter Formation Potential (Pmfp)
ZLR refining,KR,4N_Ga,15,16077.595655725338,Acidification Potential (Ap); Ecotoxicity: Freshwater; Eutrophication Potential; Global Warming Potential (Gwp100); Human Toxicity: Carcinogenic; Human Toxicity: Non-Carcinogenic; Maximum Incremental Reactivity (Mir); Ozone Depletion Potential (Odp); Particulate Matter Formation Potential (Pmfp)
ZLR refining,US,4N_Ga,15,16044.79056756849,Acidification Potential (Ap); Ecotoxicity: Freshwater; Eutrophication Potential; Global Warming Potential (Gwp100); Human Toxicity: Carcinogenic; Human Toxicity: Non-Carcinogenic; Maximum Incremental Reactivity (Mir); Ozone Depletion Potential (Odp); Particulate Matter Formation Potential (Pmfp)
ZS mining,AU,Zn_sphalerite_concentrate,15,375.62870237862234,Acidification Potential (Ap); Ecotoxicity: Freshwater; Eutrophication Potential; Global Warming Potential (Gwp100); Human Toxicity: Carcinogenic; Human Toxicity: Non-Carcinogenic; Maximum Incremental Reactivity (Mir); Ozone Depletion Potential (Odp); Particulate Matter Formation Potential (Pmfp)
ZS mining,CA,Zn_sphalerite_concentrate,15,121.07048453631266,Acidification Potential (Ap); Ecotoxicity: Freshwater; Eutrophication Potential; Global Warming Potential (Gwp100); Human Toxicity: Carcinogenic; Human Toxicity: Non-Carcinogenic; Maximum Incremental Reactivity (Mir); Ozone Depletion Potential (Odp); Particulate Matter Formation Potential (Pmfp)
ZS mining,CN,Zn_sphalerite_concentrate,15,393.22506638623514,Acidification Potential (Ap); Ecotoxicity: Freshwater; Eutrophication Potential; Global Warming Potential (Gwp100); Human Toxicity: Carcinogenic; Human Toxicity: Non-Carcinogenic; Maximum Incremental Reactivity (Mir); Ozone Depletion Potential (Odp); Particulate Matter Formation Potential (Pmfp)
ZS mining,KZ,Zn_sphalerite_concentrate,15,22102211.56297407,Acidification Potential (Ap); Ecotoxicity: Freshwater; Eutrophication Potential; Global Warming Potential (Gwp100); Human Toxicity: Carcinogenic; Human Toxicity: Non-Carcinogenic; Maximum Incremental Reactivity (Mir); Ozone Depletion Potential (Odp); Particulate Matter Formation Potential (Pmfp)
ZS mining,US,Zn_sphalerite_concentrate,15,869.4539500276363,Acidification Potential (Ap); Ecotoxicity: Freshwater; Eutrophication Potential; Global Warming Potential (Gwp100); Human Toxicity: Carcinogenic; Human Toxicity: Non-Carcinogenic; Maximum Incremental Reactivity (Mir); Ozone Depletion Potential (Odp); Particulate Matter Formation Potential (Pmfp)
Zinc smelting/refining,CN,ZLR_Zn_residue,15,683.5668562099152,Acidification Potential (Ap); Ecotoxicity: Freshwater; Eutrophication Potential; Global Warming Potential (Gwp100); Human Toxicity: Carcinogenic; Human Toxicity: Non-Carcinogenic; Maximum Incremental Reactivity (Mir); Ozone Depletion Potential (Odp); Particulate Matter Formation Potential (Pmfp)
Zinc smelting/refining,JP,ZLR_Zn_residue,15,2.3754526574416466,Acidification Potential (Ap); Ecotoxicity: Freshwater; Eutrophication Potential; Global Warming Potential (Gwp100); Human Toxicity: Carcinogenic; Human Toxicity: Non-Carcinogenic; Maximum Incremental Reactivity (Mir); Ozone Depletion Potential (Odp); Particulate Matter Formation Potential (Pmfp)
Zinc smelting/refining,KR,ZLR_Zn_residue,15,209.92372266847633,Acidification Potential (Ap); Ecotoxicity: Freshwater; Eutrophication Potential; Global Warming Potential (Gwp100); Human Toxicity: Carcinogenic; Human Toxicity: Non-Carcinogenic; Maximum Incremental Reactivity (Mir); Ozone Depletion Potential (Odp); Particulate Matter Formation Potential (Pmfp)
Zinc smelting/refining,US,ZLR_Zn_residue,15,260.19500039150057,Acidification Potential (Ap); Ecotoxicity: Freshwater; Eutrophication Potential; Global Warming Potential (Gwp100); Human Toxicity: Carcinogenic; Human Toxicity: Non-Carcinogenic; Maximum Incremental Reactivity (Mir); Ozone Depletion Potential (Odp); Particulate Matter Formation Potential (Pmfp)
