cost_usd,gwp_kg_co2eq,child_labor_hrs
212922.436128179,135067.039058537,2.939089416
213013.351936226,134970.512678723,2.939089517
213048.885001352,135028.933906273,2.932004491
213103.910414012,134970.512678722,2.932004491
213104.267704077,134873.986289803,2.939089173
213175.351890659,134990.823210993,2.924919253
213194.481830243,134970.512678892,2.924919253
213194.826132621,134873.986289973,2.932004491
213195.183402569,134777.459901053,2.939089147
213285.397596853,134873.986289973,2.924919253
213285.741972038,134777.459900884,2.932004491
213286.09916946,134680.933512134,2.939089147
213301.818859649,134952.71259272,2.917834015
213375.969061169,134873.986289973,2.917834015
213376.313411031,134777.459900884,2.924919253
213376.657679703,134680.933512134,2.932004491
213377.014927086,134584.407123215,2.939089147
213428.28574807,134914.601897542,2.910748778
213466.540538664,134873.986289973,2.910748778
213466.884827922,134777.459901053,2.917834015
213467.229130248,134680.933512134,2.924919253
213467.573432881,134584.407123215,2.932004491
213467.930714065,134487.880734296,2.939089142
213554.752658766,134876.491235696,2.90366354
213557.111989942,134873.986289973,2.90366354
213557.45630572,134777.459901054,2.910748778
213557.800594686,134680.933512134,2.917834015
213558.14494005,134584.407123045,2.924919253
213558.489199562,134487.880734296,2.932004491
213628.000129971,134391.354345431,2.933746508
213648.027756737,134777.459901054,2.90366354
213648.372072791,134680.933512134,2.910748778
213648.71636154,134584.407123215,2.917834015
213649.060712737,134487.880734126,2.924919253
213649.964754291,134391.354345216,2.932004491
213681.219587665,134838.380579052,2.896578302
213738.599221095,134777.459901054,2.896578302
213738.943571011,134680.933511965,2.90366354
213739.287818185,134584.407123215,2.910748778
213739.632176739,134487.880734126,2.917834015
213739.976430646,134391.354345377,2.924919253
213813.893913636,134805.580854199,2.889493064
213829.515000611,134680.933512134,2.896578302
213829.859289738,134584.407123215,2.90366354
213830.203605869,134487.880734295,2.910748778
213830.547941104,134391.354345207,2.917834015
213839.030018918,134294.827956512,2.924467048
213839.03006519,134294.827956439,2.924467548
213840.380228083,134777.459901054,2.889493064
213920.43075453,134584.407123215,2.896578302
213920.775047354,134487.880734296,2.90366354
213921.119372628,134391.354345377,2.910748778
213922.674039279,134294.82795646,2.917834015
213931.295994782,134680.933512134,2.889493064
213954.197996327,134796.003306314,2.882407826
213971.663455757,134777.459901054,2.882407826
214011.34653444,134487.880734296,2.896578302
214011.690836994,134391.354345376,2.90366354
214012.035116374,134294.827956457,2.910748778
214022.21177495,134584.407123215,2.889493064
214050.059908601,134198.301567593,2.915187588
214050.059948464,134198.30156752,2.915188088
214062.579292455,134680.933511965,2.882407826
214094.502017176,134786.425719141,2.875322588
214102.262287712,134391.354345376,2.896578302
214102.606604338,134294.827956457,2.90366354
214102.94673111,134777.459900884,2.875322588
214106.033114236,134198.301567541,2.910748778
214113.127542477,134487.880734296,2.889493064
214153.495003557,134584.407123215,2.882407826
214193.178054556,134294.827956457,2.896578302
214193.862464282,134680.933512134,2.875322588
214195.383375262,134198.301567541,2.90366354
214204.043294824,134391.354345376,2.889493064
214234.806103323,134776.848172228,2.868237351
214244.410804783,134487.880734126,2.882407826
214261.089796895,134101.775178674,2.905908128
214261.089838451,134101.7751786,2.905908628
214284.733669359,134198.301567541,2.896578302
214284.778216854,134584.407123215,2.875322588
214289.392183804,134101.775178622,2.90366354
214294.959053692,134294.827956457,2.889493064
214325.14566877,134680.933512134,2.868237351
214335.326592877,134391.354345207,2.882407826
214375.110174949,134767.270622367,2.861152113
214375.693997745,134487.880734296,2.875322588
214378.742467301,134101.775178622,2.896578302
214385.874828365,134198.301567538,2.889493064
214416.061459073,134584.407123215,2.868237351
214426.24230345,134294.827956457,2.882407826
214456.428897053,134680.933512135,2.861152113
214466.609764813,134391.354345377,2.875322588
214472.119675646,134005.248789754,2.896628668
214472.816599455,134005.248789539,2.896573127
214479.077378581,134101.775178458,2.889493065
214506.977281801,134487.880734126,2.868237351
214515.414260873,134757.693075286,2.854066875
214517.158056184,134198.301567538,2.882407826
214547.34467258,134584.407123215,2.861152113
214557.525561898,134294.827956288,2.875322588
214573.453225618,134005.248789703,2.889493064
214587.71212572,134680.933512134,2.854066875
214597.892992371,134391.354345377,2.868237351
214610.017227496,134101.775178622,2.882407826
214638.260439445,134487.880734296,2.861152113
214648.441283874,134198.301567538,2.875322588
214655.718332237,134748.115525261,2.846981637
214678.62794966,134584.407123045,2.854066875
214688.808744881,134294.827956457,2.868237351
214704.393175436,134005.248789539,2.882407826
214718.995375637,134680.933512134,2.846981637
214729.176196692,134391.354345376,2.861152113
214740.957147561,134101.775178622,2.875322588
214758.203746213,133908.722400855,2.884750016
214758.203769246,133908.722400855,2.884750015
214758.203790213,133908.722400817,2.884750322
214758.203827009,133908.722400817,2.884750321
214769.543716081,134487.880734126,2.854066875
214779.724525763,134198.301567538,2.868237351
214796.022468411,134738.538015211,2.839896399
214801.14346775,133908.722400793,2.882407826
214809.911128357,134584.407123215,2.846981637
214820.091987095,134294.827956457,2.861152113
214835.333051319,134005.248789703,2.875322588
214850.278589454,134680.933512134,2.839896399
214860.459448092,134391.354345377,2.854066875
214871.89703922,134101.775178622,2.868237351
214900.826909077,134487.880734296,2.846981637
214911.007739483,134198.301567538,2.861152113
214931.047821388,133908.722400793,2.875322588
214936.326489721,134728.960428309,2.832811162
214941.194427211,134584.407123045,2.839896399
214951.37520033,134294.827956457,2.854066875
214966.272957353,134005.248789703,2.868237351
214981.561831641,134680.933512134,2.832811162
214991.74270979,134391.354345207,2.846981637
215002.836959104,134101.775178622,2.861152113
215032.11017142,134487.880734126,2.839896399
215042.290967179,134198.301567538,2.854066875
215060.952189572,133908.722400793,2.868237351
215072.47758397,134584.407123215,2.832811162
215076.630576004,134719.382881449,2.825725924
215082.658474675,134294.827956287,2.846981637
215097.212863034,134005.248789703,2.861152113
215112.845045048,134680.933512134,2.825725924
215123.025889442,134391.354345376,2.839896399
215133.77686488,134101.775178622,2.854066875
215163.393350643,134487.880734296,2.832811162
215164.098008484,133812.196011936,2.868328427
215164.098010118,133812.196011936,2.868328426
215164.098104966,133812.196011897,2.868328731
215165.764647933,133812.196011874,2.868237351
215173.574209462,134198.301567538,2.846981637
215191.58875223,133908.722400784,2.861152113
215203.760811676,134584.407123215,2.825725924
215213.941656302,134294.827956457,2.839896399
215216.934665824,134709.805337163,2.818640686
215228.15276911,134005.248789703,2.854066875
215244.128272779,134680.933512134,2.818640686
215254.309186855,134391.354345207,2.832811162
215264.716756682,134101.775178622,2.846981637
215294.67657828,134487.880734296,2.825725924
215295.669040114,133812.196011874,2.861152113
215304.85743727,134198.301567538,2.839896399
215322.528673003,133908.722400784,2.854066875
215335.044039401,134584.407123215,2.818640686
215345.224925016,134294.827956288,2.832811163
215357.238725862,134700.227782761,2.811555448
215359.092674933,134005.248789703,2.846981637
215375.411514822,134680.933512134,2.811555448
215385.592359047,134391.354345377,2.825725924
215395.773238209,134101.775178449,2.839896399
215425.573394039,133812.196011874,2.854066875
215425.959806296,134487.880734296,2.818640686
215436.140664313,134198.301567538,2.832811162
215453.468564227,133908.722400784,2.846981637
215466.327267292,134584.407123215,2.811555448
215476.508111928,134294.827956457,2.825725924
215490.032581256,134005.248789703,2.839896399
215497.542811997,134690.650235863,2.80447021
215506.694728567,134680.933512134,2.80447021
215516.875572872,134391.354345376,2.818640686
215527.056466235,134101.775178449,2.832811162
215555.477833576,133812.196011726,2.846981637
215557.24303382,134487.880734296,2.811555448
215567.423927586,134198.301567368,2.825725924
215569.992286895,133715.669623016,2.851906837
215569.992324959,133715.669623016,2.851906836
215569.992346217,133715.669622978,2.851907142
215584.408518142,133908.72240062,2.839896399
215597.61054197,134584.407123045,2.80447021
215607.791388398,134294.827956288,2.818640686
215620.972472079,134005.248789703,2.832811162
215637.84690196,134681.072691659,2.797384973
215637.978025742,134680.933511965,2.797384973
215648.15881508,134391.354345376,2.811555448
215658.339692682,134101.775178449,2.825725924
215660.290229881,133715.669622954,2.846981637
215685.382130611,133812.196011874,2.839896399
215688.526276176,134487.880734296,2.80447021
215698.707152996,134198.301567368,2.818640686
215715.348390241,133908.722400783,2.832811162
215728.893763597,134584.407123045,2.797384973
215739.074581596,134294.827956457,2.811555448
215751.912377768,134005.248789703,2.825725924
215778.15101898,134671.495176344,2.790299735
215779.442028393,134391.354345376,2.80447021
215789.622872525,134101.775178619,2.818640686
215790.194598336,133715.669622954,2.839896399
215815.286560887,133812.196011726,2.832811162
215819.809503975,134487.880734296,2.797384973
215829.99034838,134198.301567538,2.811555448
215846.288326642,133908.72240062,2.825725924
215860.176950831,134584.407123215,2.790299735
215870.357846088,134294.827956287,2.80447021
215882.852298015,134005.248789703,2.818640686
215910.708245837,134391.354345207,2.797385891
215918.454168296,134661.917691005,2.783214544
215920.099017492,133715.669622807,2.832811162
215920.906101,134101.775178619,2.811555448
215945.190866874,133812.196011874,2.825725924
215951.092731534,134487.880734296,2.790299735
215961.273562062,134198.301567538,2.80447021
215975.886564769,133619.143234097,2.835485247
215975.886602949,133619.143234097,2.835485246
215975.88661886,133619.143234059,2.835485553
215975.88666089,133619.143234059,2.835485552
215977.22818755,133908.722400783,2.818640686
215991.460168484,134584.407123215,2.783214497
216001.641023136,134294.827956457,2.797384973
216013.792203792,134005.248789703,2.811555448
216024.911550034,133619.143233888,2.832811162
216042.008498335,134391.354345377,2.790299735
216050.003349256,133715.669622954,2.825725924
216052.189345814,134101.775178618,2.80447021
216058.759137956,134652.340046071,2.776129259
216075.095250039,133812.196011874,2.818640686
216082.375945145,134487.880734296,2.783214497
216092.556860426,134198.301567368,2.797384973
216108.168093579,133908.722400784,2.811555448
216122.743406429,134584.407123215,2.776129259
216132.924250989,134294.827956457,2.790299735
216144.73209501,134005.248789703,2.80447021
216154.815800799,133619.143234035,2.825725924
216173.291726318,134391.354345377,2.783214497
216179.907702824,133715.669622954,2.818640686
216183.472556231,134101.775178619,2.797384973
216200.61937603,134643.258807932,2.769044021
216204.999651998,133812.196011726,2.811555448
216213.659173213,134487.880734296,2.776129259
216223.840010944,134198.301567538,2.790299735
216239.108013732,133908.722400784,2.80447021
216256.050254751,134584.407123215,2.769044021
216264.207492782,134294.827956457,2.783214497
216275.67200119,134005.248789703,2.797384973
216284.720186025,133619.143234035,2.818640686
216304.574954115,134391.354345377,2.776129259
216309.812118036,133715.669622807,2.811555448
216314.755784315,134101.775178619,2.790299735
216334.904018134,133812.196011726,2.80447021
216342.608528281,134634.218684143,2.761958784
216346.9660224,134487.880734296,2.769044021
216355.123259392,134198.301567538,2.783214497
216370.047951088,133908.72240062,2.797384973
216381.780858016,133522.616845178,2.819063657
216381.780920555,133522.61684514,2.819063963
216381.780938719,133522.61684514,2.819063962
216389.52475857,134584.407123215,2.761958784
216389.532738714,133522.616844968,2.818640686
216395.490720831,134294.827956457,2.776129259
216406.61190711,134005.248789703,2.790299735
216414.624539245,133619.143234035,2.811555448
216437.88178874,134391.354345376,2.769044021
216439.716454552,133715.669622954,2.80447021
216446.039012241,134101.775178618,2.783214497
216464.808340567,133812.196011874,2.797384973
216480.440525349,134487.880734296,2.761958784
216484.59769168,134625.178564593,2.754873546
216486.406473314,134198.301567538,2.776129259
216500.987811058,133908.722400783,2.790299735
216519.437021214,133522.616845116,2.811555448
216522.999276159,134584.407123215,2.754873546
216528.797555853,134294.827956457,2.769044021
216537.551812332,134005.248789703,2.783214497
216544.528907629,133619.143234035,2.80447021
216569.620807895,133715.669622954,2.797384973
216571.35629225,134391.354345377,2.761958784
216577.322240005,134101.775178618,2.776129259
216595.363729298,133812.196011864,2.790299735
216613.915028431,134487.880734296,2.754873546
216619.713336893,134198.301567538,2.769044021
216626.586887571,134616.138479941,2.747788308
216631.927731182,133908.722400784,2.783214497
216649.341389954,133522.616845116,2.80447021
216656.473766925,134584.407123215,2.747788308
216662.272058938,134294.827956457,2.761958784
216668.491718695,134005.248789703,2.776129259
216674.4332759,133619.143234035,2.797384973
216699.525191234,133715.669622954,2.790299735
216704.830795173,134391.354345376,2.754873546
216710.62908863,134101.775178619,2.769044021
216726.303620652,133812.196011864,2.783214497
216747.389530805,134487.880734296,2.747788308
216753.187825396,134198.301567538,2.761958784
216762.86763704,133908.722400784,2.776129259
216768.576018321,134607.098325391,2.74070307
216779.245790148,133522.616844969,2.797384973
216787.675121464,133426.090456258,2.802642068
216787.67516429,133426.090456258,2.802642067
216787.675174116,133426.09045622,2.802642374
216787.675216817,133426.09045622,2.802642373
216789.949341638,134584.407123046,2.740703016
216795.746608658,134294.827956287,2.754873546
216801.544869864,134005.248789699,2.769044021
216804.337658633,133619.143234035,2.790299735
216829.429618851,133715.669622807,2.783214497
216838.305298394,134391.354345376,2.747788308
216844.103606246,134101.775178619,2.761958784
216857.243526565,133812.196011864,2.776129259
216880.86403475,134487.880734296,2.74070307
216884.058211186,133426.090456197,2.797384973
216886.66232863,134198.301567538,2.754873546
216895.868023306,133908.722400784,2.769044021
216909.150111905,133522.616845116,2.790299735
216911.494611497,134598.37479441,2.733617832
216924.650372304,134584.407123215,2.733617832
216929.221064888,134294.827956457,2.747788308
216934.242012298,133619.143234035,2.783214497
216935.019406603,134005.24878953,2.761958783
216959.333987353,133715.669622807,2.776129259
216971.77987302,134391.354345207,2.74070307
216977.578109204,134101.775178619,2.754873546
216990.26344602,133812.196011864,2.769044021
217013.962593834,133426.090456197,2.790299735
217015.566186886,134487.880734126,2.733617832
217020.136831824,134198.301567538,2.747788308
217029.01666684,133908.722400784,2.761958784
217039.054494725,133522.616845116,2.783214497
217055.356400929,134589.97255988,2.726532594
217060.598242342,134584.407123215,2.726532594
217062.695568076,134294.827956457,2.74070307
217064.152957343,133619.143234035,2.776129259
217068.493876308,134005.248789699,2.754873546
217090.300634741,133715.669622807,2.769044021
217106.481905955,134391.354345377,2.733617832
217111.052597826,134101.775178619,2.747788308
217123.412066324,133812.196011864,2.761958784
217143.866962501,133426.090456196,2.783214497
217151.51402325,134487.880734296,2.726532594
217153.611334881,134198.301567538,2.74070307
217162.165263228,133908.722400784,2.754873546
217169.004513897,133522.616845116,2.776129259
217193.569393077,133329.564067339,2.786220479
217193.56939785,133329.564067339,2.786220478
217193.569453076,133329.564067301,2.786220784
217193.569494526,133329.564067301,2.786220783
217195.152158267,133619.143234035,2.769044021
217197.397672539,134294.827956457,2.733617832
217199.217971904,134581.570387819,2.719447366
217201.968379044,134005.248789699,2.747788308
217221.662631795,133715.669622952,2.761958784
217242.429774467,134391.354345376,2.726532594
217244.527100689,134101.775178618,2.74070307
217248.679404186,133329.564067277,2.783214497
217256.56068687,133812.196011864,2.754873546
217273.856076046,133426.090456196,2.776129259
217287.461892938,134487.880734296,2.719447357
217288.313439291,134198.301567538,2.733617832
217295.313906866,133908.722400784,2.747788308
217300.003743828,133522.616845116,2.769044021
217326.151418821,133619.143233888,2.761958783
217333.345542496,134294.827956457,2.726532594
217335.442938076,134005.24878953,2.74070307
217343.079868937,134573.167993855,2.712362119
217354.165138165,133715.669622799,2.754873094
217378.377659481,134391.354345377,2.719447357
217378.707658919,133329.56406713,2.776129259
217379.229206094,134101.775178618,2.733617832
217389.709306821,133812.196011864,2.747788308
217404.85530018,133426.090456197,2.769044021
217423.409739636,134487.880734296,2.712362119
217424.261309024,134198.301567538,2.726532594
217428.462512745,133908.722400784,2.74070307
217431.002944235,133522.616845116,2.761958784
217457.150603189,133619.143234035,2.754873546
217469.293426577,134294.827956457,2.719447357
217470.144960054,134005.248789699,2.733617832
217486.65072723,133715.6696228,2.747788308
217486.941623305,134564.765727639,2.705276881
217509.706871687,133329.564067277,2.769044021
217514.325515251,134391.354345376,2.712362119
217515.17708992,134101.775178619,2.726532594
217522.857984256,133812.196011701,2.74070307
217535.854530153,133426.090456196,2.761958784
217559.357618359,134487.880734296,2.705276881
217560.209226665,134198.301567368,2.719447357
217562.002173889,133522.616845116,2.754873546
217562.86151643,133908.72240062,2.733617832
217588.149803353,133619.143234035,2.747788308
217600.683972968,133233.03767842,2.76979461
217600.684021559,133233.037678382,2.769794914
217600.684067321,133233.037678382,2.769794913
217605.241281521,134294.827956457,2.712362119
217606.092842583,134005.248789699,2.726532594
217614.558433441,133233.037678358,2.769044021
217619.144682773,133715.669622952,2.74070307
217630.803411158,134556.363492796,2.698191643
217640.706101593,133329.564067277,2.761958784
217650.273429916,134391.354345207,2.705276881
217651.124945342,134101.775178618,2.719447357
217657.278935119,133812.196011701,2.733617832
217666.853777,133426.090456049,2.754873546
217693.001374843,133522.616845116,2.747788308
217695.305488192,134487.880734295,2.698191643
217696.157048636,134198.301567538,2.712362119
217698.504580101,133908.72240062,2.726532594
217720.529682549,133619.143234032,2.74070307
217741.189151887,134294.827956457,2.705276881
217742.040727703,134005.248789699,2.719447357
217745.557704978,133233.037678211,2.761958783
217752.340169515,133715.669622951,2.733617832
217771.705350515,133329.56406713,2.754873546
217774.665095735,134547.961230386,2.691106409
217786.221269151,134391.354345377,2.698191643
217787.072815392,134101.775178618,2.712362119
217792.921966104,133812.196011864,2.726532594
217797.852945924,133426.090456196,2.747788308
217824.000604575,133522.616845116,2.74070307
217831.253357944,134487.880734296,2.691106405
217832.104918649,134198.301567538,2.705276881
217834.147669006,133908.72240062,2.719447357
217853.760967265,133619.143234032,2.733617832
217876.556891934,133233.037678358,2.754873546
217877.137021673,134294.827956457,2.698191643
217877.988582005,134005.248789699,2.712362119
217887.667132567,133715.669622948,2.726532594
217902.704566175,133329.56406713,2.747788308
217918.526934586,134539.558964963,2.684021168
217922.169115624,134391.354345377,2.691106405
217923.020699614,134101.775178619,2.705276881
217928.565021869,133812.196011701,2.719447357
217928.852175751,133426.090456196,2.74070307
217955.776838741,133522.616845116,2.733617832
217967.201272256,134487.880734126,2.684021168
217968.052802689,134198.301567538,2.698191643
217969.790676115,133908.722400784,2.712362119
217987.596417785,133619.143234032,2.726532594
218007.556102669,133233.037678358,2.747788308
218009.333472408,133136.511289501,2.753363362
218009.333514933,133136.511289501,2.753363361
218009.333536524,133136.511289463,2.753363666
218009.333573005,133136.511289463,2.753363665
218013.084891297,134294.827956457,2.691106405
218013.93646611,134005.2487897,2.705276881
218023.004450766,133715.669622948,2.719447357
218033.703746747,133329.564067277,2.74070307
218058.116994321,134391.354345376,2.684021168
218058.968554994,134101.775178618,2.698191643
218060.676255624,133426.090456196,2.733617832
218062.391014129,134531.156562158,2.676935815
218064.208092918,133812.196011864,2.712362119
218089.017275486,133522.616844961,2.726532594
218103.14909729,134487.880734296,2.67693593
218104.000658175,134198.301567538,2.691106405
218105.433739889,133908.722400784,2.705276881
218112.40765956,133136.511289439,2.747788308
218121.431939312,133619.14323388,2.719447357
218138.555303489,133233.037678358,2.74070307
218149.032775586,134294.827956457,2.684021168
218149.884321822,134005.248789699,2.698191643
218158.625497476,133715.669622945,2.712362119
218165.575687364,133329.564067277,2.733617832
218193.015089334,133426.090456196,2.726532594
218194.064864361,134391.354345376,2.67693593
218194.916424884,134101.775178619,2.691106405
218199.851157739,133812.196011864,2.705276881
218209.652654963,134524.705629862,2.669850692
218222.852681462,133522.616845113,2.719447357
218239.948599568,134198.301567368,2.684021168
218241.076789595,133908.722400784,2.698191643
218243.406874564,133136.511289439,2.74070307
218244.337057799,134487.880734296,2.669850692
218256.271792693,133619.143234029,2.712362119
218270.475089257,133233.037678358,2.733617832
218284.980645072,134294.827956457,2.67693593
218285.832191622,134005.248789699,2.691106405
218294.268575508,133715.669622945,2.705276881
218297.914506272,133329.564067277,2.726532594
218325.353922863,133426.090456197,2.719447357
218330.864294699,134101.775178619,2.684021168
218335.252824371,134391.354345376,2.669850692
218335.49420699,133812.196011864,2.698191643
218356.688131875,133522.616845113,2.712362119
218375.374506501,133136.511289439,2.733617832
218375.896411779,134198.301567538,2.67693593
218376.748005988,133908.72240061,2.691106405
218391.609081085,133619.143234029,2.705276881
218402.813937607,133233.037678358,2.726532594
218418.458127807,133039.984900582,2.736927536
218418.458144154,133039.984900582,2.736927535
218418.458144568,133039.984900581,2.736927535
218418.458175205,133039.984900544,2.736927839
218418.4581886,133039.984900544,2.736927837
218418.458225544,133039.984900544,2.736927836
218421.780052407,134005.248789699,2.684021168
218426.168638978,134294.827956288,2.669850692
218429.911625383,133715.669622945,2.698191643
218430.25335468,133329.564067277,2.719447357
218458.108943926,133426.090456194,2.712362119
218466.812234722,134101.775178449,2.67693593
218471.137285691,133812.196011864,2.691106405
218480.273938051,133039.984900519,2.733617832
218490.523582443,133522.616845113,2.705276881
218507.713340135,133136.511289438,2.726532594
218512.695869736,133908.72240061,2.684021168
218517.0843485,134198.301567538,2.669850692
218526.946384672,133619.143234029,2.698191643
218535.152771505,133233.037678358,2.719447357
218557.727922421,134005.248789699,2.67693593
218562.592188345,133329.564067277,2.712362119
218565.554760167,133715.669622781,2.691106405
218591.944395065,133426.090456194,2.705276881
218606.780335284,133812.196011864,2.684021168
218608.000171663,134101.775178449,2.669850692
218612.612756838,133039.984900519,2.726532594
218624.876497131,133522.616844952,2.698191643
218640.052220058,133136.511289291,2.719447357
218648.64369776,133908.72240078,2.67693593
218662.283702421,133619.143234029,2.691106405
218666.827993783,134514.175009657,2.648594979
218667.49159041,133233.037678358,2.712362119
218691.59380801,134487.880734295,2.648594979
218694.931021661,133329.564067277,2.705276881
218698.915217373,134005.248789531,2.669850724
218701.197767514,133715.669622945,2.684021168
218725.779845764,133426.090456194,2.698191643
218742.423413428,133812.196011864,2.67693593
218744.951590492,133039.984900519,2.719447357
218760.213726319,133522.61684511,2.691106405
218772.391052691,133136.511289292,2.712362119
218782.509560022,134391.354345376,2.648594979
218789.831705585,133908.72240061,2.669850692
218797.620991039,133619.143234029,2.684021168
218799.830473128,133233.037678211,2.705276881
218819.21975408,134510.664788886,2.641509741
218827.269855539,133329.564067277,2.698191643
218830.954259167,132943.458511662,2.720459234
218830.954273811,132943.458511662,2.720459233
218830.954355177,132943.458511625,2.720459535
218830.954450755,132943.458511625,2.720459534
218836.840817262,133715.669622945,2.67693593
218840.679372069,134487.880734296,2.641509741
218849.851007706,132943.4585116,2.719447357
218859.615310739,133426.090456194,2.691106405
218873.425399745,134294.827956287,2.648594979
218877.290424386,133039.984900519,2.712362119
218883.465580743,133812.196011864,2.669850692
218895.55102985,133522.61684511,2.684021168
218904.729841133,133136.511289439,2.705276881
218931.595153479,134391.354345376,2.641509741
218932.169272138,133233.037678358,2.698191643
218932.95828442,133619.143234029,2.67693593
218961.036123609,133329.564067274,2.691106405
218964.341093801,134198.301567538,2.648594979
218978.00049224,133715.669622945,2.669850692
218982.189855963,132943.4585116,2.712362119
218993.481115523,133426.090456033,2.684021168
219009.62932931,133039.984900372,2.705276881
219022.510905477,134294.827956457,2.641509741
219030.888333082,133522.61684511,2.67693593
219037.068688717,133136.511289439,2.698191643
219055.256909605,134101.775178449,2.648594979
219064.508138502,133233.037678211,2.691106405
219073.505954471,133619.143234029,2.669850692
219094.871558555,133329.564067274,2.684021168
219113.42667219,134198.301567538,2.641509741
219114.52868943,132943.4585116,2.705276881
219124.003281853,134503.644350329,2.627339265
219128.818420646,133426.090456033,2.67693593
219138.850529348,134487.880734296,2.627339265
219141.96810625,133039.984900519,2.698191643
219146.172673726,134005.24878953,2.648594979
219169.407522998,133136.511289439,2.691106405
219171.652205355,133522.61684511,2.669850692
219196.846925204,133233.037678358,2.684021168
219204.342439082,134101.775178619,2.641509741
219228.707009802,133329.564067274,2.67693593
219229.766295792,134391.354345376,2.627339265
219237.088385622,133908.72240078,2.648594979
219243.450382389,132846.932122743,2.703990932
219243.450426884,132846.932122743,2.703990931
219243.45044762,132846.932122706,2.703991233
219246.867508649,132943.4585116,2.698191643
219269.798476884,133426.090456033,2.669850692
219274.306924826,133039.984900519,2.691106405
219276.395621096,134500.134120505,2.620254001
219287.936154875,134487.880734126,2.620254027
219295.258279832,134005.24878953,2.641509741
219301.746356633,133136.511289439,2.684021168
219320.678353271,134294.827956287,2.627339442
219330.127822773,133233.037678355,2.67693593
219330.327498346,133812.196011864,2.648594979
219351.766972237,132846.932122534,2.698191643
219368.480232248,133329.564067275,2.669850692
219378.851888902,134391.354345376,2.620254027
219379.206386968,132943.458511453,2.691106405
219386.173963588,133908.72240078,2.641509741
219406.645829779,133039.984900372,2.684021168
219411.597829347,134198.301567538,2.627339265
219424.862505752,133715.669622782,2.648594979
219434.085224654,133136.511289292,2.67693593
219469.767689587,134294.827956288,2.620254027
219470.228917984,133233.037678355,2.669850692
219479.281448992,133812.196011864,2.641509741
219484.105773998,132846.932122681,2.691106405
219502.513596252,134101.775178618,2.627339265
219511.545175994,132943.4585116,2.684021168
219519.397376503,133619.143233863,2.648594979
219538.98459244,133039.984900519,2.67693593
219560.683457284,134198.301567368,2.620254027
219573.122181822,133136.511289439,2.669850692
219573.816376623,133715.669622945,2.641509741
219581.178528558,134493.113656548,2.606083552
219586.107284411,134487.880734296,2.606083552
219593.429411949,134005.248789529,2.627339265
219614.260027162,133522.61684511,2.648594979
219616.444583541,132846.932122681,2.684021168
219643.884024108,132943.4585116,2.67693593
219651.599174449,134101.775178619,2.620254027
219655.946516048,132750.405733824,2.68752263
219655.946577334,132750.405733787,2.687522932
219655.946577818,132750.405733786,2.687522932
219655.946613976,132750.405733786,2.687522931
219668.351271471,133619.143234026,2.641509741
219678.463472982,133039.98490052,2.669850692
219684.345120781,133908.72240078,2.627339265
219712.406278229,133426.090456191,2.648594979
219721.344058728,132750.405733613,2.684021168
219733.570293432,134489.603437678,2.598998314
219735.192896878,134487.880734126,2.598998314
219742.514941574,134005.248789699,2.620254027
219748.783426187,132846.932122681,2.67693593
219762.886182252,133522.616845107,2.641509741
219777.189432703,133812.196011701,2.627339265
219783.804749497,132943.458511601,2.669850692
219810.552562389,133329.564067114,2.648594979
219833.430722822,133908.72240078,2.620254027
219853.682843547,132750.405733762,2.67693593
219859.942209014,133426.090456191,2.641509741
219871.724366449,133715.669622782,2.627339265
219885.962108964,134486.093257423,2.591913076
219889.146055386,132846.932122681,2.669850692
219908.698736109,133233.037678352,2.648594979
219926.14336417,133812.196011864,2.620254027
219958.088444306,133329.564067271,2.641509741
219966.259276833,133619.143233863,2.627339265
219975.194188861,134391.354345376,2.591913076
219994.487346815,132750.405733762,2.669850692
220010.341830966,133136.511289436,2.648594979
220020.678306855,133715.669622782,2.620254027
220056.234681266,133233.037678352,2.641509741
220060.794131048,133522.616845107,2.627339265
220066.109994293,134294.827956288,2.591913077
220082.751584834,132653.879344907,2.67068696
220082.751632033,132653.879344907,2.670686959
220082.751643354,132653.879344875,2.670687229
220082.751683664,132653.879344875,2.670687228
220099.983502356,132653.879344696,2.669843114
220112.595719402,133039.984900373,2.648594979
220115.213187042,133619.143234026,2.620254027
220155.329027325,133426.090456187,2.627339265
220156.463240232,133136.511289436,2.641509741
220157.025736692,134198.301567538,2.591913076
220209.749366626,133522.616844943,2.620253965
220217.936978745,132943.4585116,2.648594979
220247.941532756,134101.775178449,2.591913076
220253.160336443,133329.564067271,2.627339265
220258.211925682,133039.984900517,2.641509741
220304.283009168,133426.090456187,2.620254027
220323.278269873,132846.932122681,2.648594979
220338.857269997,134005.248789699,2.591913076
220351.306572502,133233.037678352,2.627339265
220362.647716828,132943.4585116,2.641509741
220400.696331784,133329.564067114,2.620254027
220428.6195463,132750.405733762,2.648594979
220429.77309499,133908.72240061,2.591913076
220449.452808907,133136.511289433,2.627339265
220467.988993333,132846.932122681,2.641509741
220498.842532759,133233.037678352,2.620254027
220521.959290038,133812.196011701,2.591913076
220533.960837674,132653.879344843,2.648594979
220550.454759467,133039.984900517,2.627339265
220556.632796565,132557.352955988,2.652642736
220556.632853251,132557.352955955,2.652643005
220556.632898814,132557.352955955,2.652643004
220573.330299374,132750.405733762,2.641509741
220596.988799212,133136.511289276,2.620254027
220616.494129569,133715.669622945,2.591913076
220639.302120052,132557.352955923,2.648594979
220652.203444719,132943.458511597,2.627339265
220678.671575839,132653.879344843,2.641509741
220696.57616846,133039.984900517,2.620254027
220711.029055229,133619.143234026,2.591913076
220757.41046927,132846.932122681,2.627339265
220784.012857062,132557.352955923,2.641509741
220798.324838981,132943.458511597,2.620254027
220805.564023356,133522.616844943,2.591913076
220862.751809652,132750.405733615,2.627339265
220900.098912071,133426.090456024,2.591913076
220902.121222415,132846.932122681,2.620254027
220968.093052109,132653.879344843,2.627339265
220994.633844898,133329.564067105,2.591913076
221007.462513724,132750.405733762,2.620254027
221030.514009245,132460.826567069,2.634598512
221030.514015122,132460.826567068,2.634598512
221030.514030594,132460.826567069,2.634598511
221030.514067825,132460.826567036,2.634598781
221030.514113948,132460.826567036,2.63459878
221073.434358048,132557.352955923,2.627339265
221089.168734522,133233.037678186,2.591913076
221112.803790249,132653.879344843,2.620254027
221178.775649332,132460.826567004,2.627339265
221187.132536137,133136.511289433,2.591913076
221218.145096208,132557.352955923,2.620254027
221285.278787356,133039.984900514,2.591913076
221323.486363244,132460.826567004,2.620254027
221383.42505859,132943.458511437,2.591913076
221484.559152724,132846.932122678,2.591913076
221504.39522366,132364.30017815,2.616554288
221504.395224101,132364.300178149,2.616554288
221504.395245896,132364.300178149,2.616554287
221504.395279961,132364.300178117,2.616554557
221504.395329083,132364.300178117,2.616554556
221586.307865729,132750.405733759,2.591913076
221691.646742774,132653.879344843,2.591913076
221796.988023176,132557.352955923,2.591913076
221902.329325273,132460.826567004,2.591913076
221978.276438196,132267.77378923,2.598510064
221978.276442497,132267.77378923,2.598510063
221978.276486258,132267.77378923,2.598510062
221978.276495609,132267.773789198,2.598510333
221978.276496648,132267.773789197,2.598510333
221978.276503824,132267.773789198,2.598510332
221978.276503971,132267.773789197,2.598510332
222007.650646439,132364.300177938,2.591914057
222173.138005258,132267.773789163,2.592008686
223068.48698944,132171.247400323,2.593056289
223068.487117984,132171.247400313,2.593056392
223068.487161083,132171.247400312,2.593056391
224487.707460866,132074.721011404,2.594323715
224487.707627304,132074.721011393,2.594323817
224491.328054166,132171.247400321,2.59191307
225906.927926748,131978.194622484,2.595591141
225906.928031447,131978.194622474,2.595591243
227335.592895041,131881.668233565,2.596869404
227335.593051111,131881.668233555,2.596869505
227335.593056776,131881.668233554,2.596869505
227488.047827177,132074.721011407,2.591913076
228775.115573078,131785.141844646,2.598160149
228775.115635084,131785.141844635,2.59816025
230219.605025672,131688.615455727,2.599456677
230219.60517933,131688.615455717,2.599456777
230219.605180312,131688.615455716,2.599456777
230484.775702772,131978.194622488,2.591913076
231669.600894032,131592.089066807,2.600759617
231669.600965701,131592.089066797,2.600759717
233119.596777513,131495.562677888,2.602062557
233119.596850207,131495.562677878,2.602062657
233481.503316602,131881.668233568,2.591913076
234572.950777662,131399.036288969,2.603369369
234572.950848261,131399.036288959,2.603369468
234572.951166863,131399.036288958,2.603369469
236033.529153422,131302.50990005,2.604684511
236033.529203434,131302.509900039,2.60468461
236478.230694376,131785.141844644,2.591913076
237494.107522357,131205.983511131,2.605999653
237494.107522447,131205.98351113,2.605999653
237494.10768722,131205.98351112,2.605999752
239377.152857877,131109.457122215,2.607210932
239377.1529186,131109.457122211,2.607210968
239485.728081185,131688.61545573,2.591913076
242499.069966876,131592.089066806,2.591913076
243602.575488402,131012.930733296,2.60784658
243602.57551349,131012.930733292,2.607846615
245539.116747722,131495.562677887,2.591913076
247827.998171118,130916.404344377,2.608482227
247827.998183594,130916.404344373,2.608482263
252390.966171405,130819.877955455,2.608264671
252390.966461933,130819.877955454,2.608264671
252390.968184093,130819.877955458,2.608264642
257557.533281435,130723.351566538,2.606521315
257557.533381242,130723.351566535,2.606521344
262724.100511915,130626.825177619,2.604777988
262724.100597126,130626.825177616,2.604778017
267930.535726928,130530.2987887,2.603016645
267930.53579048,130530.298788697,2.603016673
282399.107157118,130433.772399782,2.617204501
282399.10719591,130433.772399781,2.617204509
308037.626333529,130337.246010863,2.644580259
308037.626385987,130337.246010862,2.644580263
308037.661682615,130337.24601014,2.644580296
308037.661746442,130337.246010005,2.644580296
308037.662092475,130337.246009062,2.644580296
