process,process_location,flow,file_path,raw_rows,profile_rows,status,notes
Bauxite mining,AU,bauxite,LiAISON local masterfile folder/liaison_lcia_results_gallium_topology_expanded_patch_v2/raw/gallium_topology_expanded_patch_v2_total_life_cycle__Bauxite_mining__AU__bauxite_characterized_inventory.csv,1800,15,profile_generated,Aggregated LiAISON total_life_cycle characterized inventory to one row per substance and TRACI category.
Bauxite mining,CN,bauxite,LiAISON local masterfile folder/liaison_lcia_results_gallium_topology_expanded_patch_v2/raw/gallium_topology_expanded_patch_v2_total_life_cycle__Bauxite_mining__CN__bauxite_characterized_inventory.csv,1800,15,profile_generated,Aggregated LiAISON total_life_cycle characterized inventory to one row per substance and TRACI category.
Bauxite mining,GR,bauxite,LiAISON local masterfile folder/liaison_lcia_results_gallium_topology_expanded_patch_v2/raw/gallium_topology_expanded_patch_v2_total_life_cycle__Bauxite_mining__GR__bauxite_characterized_inventory.csv,1800,15,profile_generated,Aggregated LiAISON total_life_cycle characterized inventory to one row per substance and TRACI category.
Bauxite mining,KZ,bauxite,LiAISON local masterfile folder/liaison_lcia_results_gallium_topology_expanded_patch_v2/raw/gallium_topology_expanded_patch_v2_total_life_cycle__Bauxite_mining__KZ__bauxite_characterized_inventory.csv,1800,15,profile_generated,Aggregated LiAISON total_life_cycle characterized inventory to one row per substance and TRACI category.
Bayer liquor refining,AU,4N_Ga,LiAISON local masterfile folder/liaison_lcia_results_gallium_topology_expanded_patch_v2/raw/gallium_topology_expanded_patch_v2_total_life_cycle__Bayer_liquor_refining__AU__4N_Ga_characterized_inventory.csv,1800,15,profile_generated,Aggregated LiAISON total_life_cycle characterized inventory to one row per substance and TRACI category.
Bayer liquor refining,CA,4N_Ga,LiAISON local masterfile folder/liaison_lcia_results_gallium_topology_expanded_patch_v2/raw/gallium_topology_expanded_patch_v2_total_life_cycle__Bayer_liquor_refining__CA__4N_Ga_characterized_inventory.csv,1800,15,profile_generated,Aggregated LiAISON total_life_cycle characterized inventory to one row per substance and TRACI category.
Bayer liquor refining,CN,4N_Ga,LiAISON local masterfile folder/liaison_lcia_results_gallium_topology_expanded_patch_v2/raw/gallium_topology_expanded_patch_v2_total_life_cycle__Bayer_liquor_refining__CN__4N_Ga_characterized_inventory.csv,1800,15,profile_generated,Aggregated LiAISON total_life_cycle characterized inventory to one row per substance and TRACI category.
Bayer liquor refining,GR,4N_Ga,LiAISON local masterfile folder/liaison_lcia_results_gallium_topology_expanded_patch_v2/raw/gallium_topology_expanded_patch_v2_total_life_cycle__Bayer_liquor_refining__GR__4N_Ga_characterized_inventory.csv,1800,15,profile_generated,Aggregated LiAISON total_life_cycle characterized inventory to one row per substance and TRACI category.
Bayer liquor refining,KZ,4N_Ga,LiAISON local masterfile folder/liaison_lcia_results_gallium_topology_expanded_patch_v2/raw/gallium_topology_expanded_patch_v2_total_life_cycle__Bayer_liquor_refining__KZ__4N_Ga_characterized_inventory.csv,1800,15,profile_generated,Aggregated LiAISON total_life_cycle characterized inventory to one row per substance and TRACI category.
Bayer liquor refining,US,4N_Ga,LiAISON local masterfile folder/liaison_lcia_results_gallium_topology_expanded_patch_v2/raw/gallium_topology_expanded_patch_v2_total_life_cycle__Bayer_liquor_refining__US__4N_Ga_characterized_inventory.csv,1800,15,profile_generated,Aggregated LiAISON total_life_cycle characterized inventory to one row per substance and TRACI category.
Bayer process / alumina refining,AU,Bayer_liquor,LiAISON local masterfile folder/liaison_lcia_results_gallium_topology_expanded_patch_v2/raw/gallium_topology_expanded_patch_v2_total_life_cycle__Bayer_process_alumina_refining__AU__Bayer_liquor_characterized_inventory.csv,1800,15,profile_generated,Aggregated LiAISON total_life_cycle characterized inventory to one row per substance and TRACI category.
Bayer process / alumina refining,CA,Bayer_liquor,LiAISON local masterfile folder/liaison_lcia_results_gallium_topology_expanded_patch_v2/raw/gallium_topology_expanded_patch_v2_total_life_cycle__Bayer_process_alumina_refining__CA__Bayer_liquor_characterized_inventory.csv,1800,15,profile_generated,Aggregated LiAISON total_life_cycle characterized inventory to one row per substance and TRACI category.
Bayer process / alumina refining,CN,Bayer_liquor,LiAISON local masterfile folder/liaison_lcia_results_gallium_topology_expanded_patch_v2/raw/gallium_topology_expanded_patch_v2_total_life_cycle__Bayer_process_alumina_refining__CN__Bayer_liquor_characterized_inventory.csv,1800,15,profile_generated,Aggregated LiAISON total_life_cycle characterized inventory to one row per substance and TRACI category.
Bayer process / alumina refining,GR,Bayer_liquor,LiAISON local masterfile folder/liaison_lcia_results_gallium_topology_expanded_patch_v2/raw/gallium_topology_expanded_patch_v2_total_life_cycle__Bayer_process_alumina_refining__GR__Bayer_liquor_characterized_inventory.csv,1800,15,profile_generated,Aggregated LiAISON total_life_cycle characterized inventory to one row per substance and TRACI category.
Bayer process / alumina refining,KZ,Bayer_liquor,LiAISON local masterfile folder/liaison_lcia_results_gallium_topology_expanded_patch_v2/raw/gallium_topology_expanded_patch_v2_total_life_cycle__Bayer_process_alumina_refining__KZ__Bayer_liquor_characterized_inventory.csv,1800,15,profile_generated,Aggregated LiAISON total_life_cycle characterized inventory to one row per substance and TRACI category.
Bayer process / alumina refining,US,Bayer_liquor,LiAISON local masterfile folder/liaison_lcia_results_gallium_topology_expanded_patch_v2/raw/gallium_topology_expanded_patch_v2_total_life_cycle__Bayer_process_alumina_refining__US__Bayer_liquor_characterized_inventory.csv,1800,15,profile_generated,Aggregated LiAISON total_life_cycle characterized inventory to one row per substance and TRACI category.
High-purity gallium refining,CA,6N_Ga,LiAISON local masterfile folder/liaison_lcia_results_gallium_topology_expanded_patch_v2/raw/gallium_topology_expanded_patch_v2_total_life_cycle__High-purity_gallium_refining__CA__6N_Ga_characterized_inventory.csv,1800,15,profile_generated,Aggregated LiAISON total_life_cycle characterized inventory to one row per substance and TRACI category.
High-purity gallium refining,CN,6N_Ga,LiAISON local masterfile folder/liaison_lcia_results_gallium_topology_expanded_patch_v2/raw/gallium_topology_expanded_patch_v2_total_life_cycle__High-purity_gallium_refining__CN__6N_Ga_characterized_inventory.csv,1800,15,profile_generated,Aggregated LiAISON total_life_cycle characterized inventory to one row per substance and TRACI category.
High-purity gallium refining,JP,6N_Ga,LiAISON local masterfile folder/liaison_lcia_results_gallium_topology_expanded_patch_v2/raw/gallium_topology_expanded_patch_v2_total_life_cycle__High-purity_gallium_refining__JP__6N_Ga_characterized_inventory.csv,1800,15,profile_generated,Aggregated LiAISON total_life_cycle characterized inventory to one row per substance and TRACI category.
High-purity gallium refining,US,6N_Ga,LiAISON local masterfile folder/liaison_lcia_results_gallium_topology_expanded_patch_v2/raw/gallium_topology_expanded_patch_v2_total_life_cycle__High-purity_gallium_refining__US__6N_Ga_characterized_inventory.csv,1800,15,profile_generated,Aggregated LiAISON total_life_cycle characterized inventory to one row per substance and TRACI category.
TMG synthesis,CN,TMG,LiAISON local masterfile folder/liaison_lcia_results_gallium_topology_expanded_patch_v2/raw/gallium_topology_expanded_patch_v2_total_life_cycle__TMG_synthesis__CN__TMG_characterized_inventory.csv,1800,15,profile_generated,Aggregated LiAISON total_life_cycle characterized inventory to one row per substance and TRACI category.
TMG synthesis,JP,TMG,LiAISON local masterfile folder/liaison_lcia_results_gallium_topology_expanded_patch_v2/raw/gallium_topology_expanded_patch_v2_total_life_cycle__TMG_synthesis__JP__TMG_characterized_inventory.csv,1800,15,profile_generated,Aggregated LiAISON total_life_cycle characterized inventory to one row per substance and TRACI category.
TMG synthesis,KR,TMG,LiAISON local masterfile folder/liaison_lcia_results_gallium_topology_expanded_patch_v2/raw/gallium_topology_expanded_patch_v2_total_life_cycle__TMG_synthesis__KR__TMG_characterized_inventory.csv,1800,15,profile_generated,Aggregated LiAISON total_life_cycle characterized inventory to one row per substance and TRACI category.
TMG synthesis,US,TMG,LiAISON local masterfile folder/liaison_lcia_results_gallium_topology_expanded_patch_v2/raw/gallium_topology_expanded_patch_v2_total_life_cycle__TMG_synthesis__US__TMG_characterized_inventory.csv,1800,15,profile_generated,Aggregated LiAISON total_life_cycle characterized inventory to one row per substance and TRACI category.
Wafer manufacturing,CN,GaAs_wafer,LiAISON local masterfile folder/liaison_lcia_results_gallium_topology_expanded_patch_v2/raw/gallium_topology_expanded_patch_v2_total_life_cycle__Wafer_manufacturing__CN__GaAs_wafer_characterized_inventory.csv,1800,15,profile_generated,Aggregated LiAISON total_life_cycle characterized inventory to one row per substance and TRACI category.
Wafer manufacturing,CN,GaN_wafer,LiAISON local masterfile folder/liaison_lcia_results_gallium_topology_expanded_patch_v2/raw/gallium_topology_expanded_patch_v2_total_life_cycle__Wafer_manufacturing__CN__GaN_wafer_characterized_inventory.csv,1800,15,profile_generated,Aggregated LiAISON total_life_cycle characterized inventory to one row per substance and TRACI category.
Wafer manufacturing,JP,GaAs_wafer,LiAISON local masterfile folder/liaison_lcia_results_gallium_topology_expanded_patch_v2/raw/gallium_topology_expanded_patch_v2_total_life_cycle__Wafer_manufacturing__JP__GaAs_wafer_characterized_inventory.csv,1800,15,profile_generated,Aggregated LiAISON total_life_cycle characterized inventory to one row per substance and TRACI category.
Wafer manufacturing,JP,GaN_wafer,LiAISON local masterfile folder/liaison_lcia_results_gallium_topology_expanded_patch_v2/raw/gallium_topology_expanded_patch_v2_total_life_cycle__Wafer_manufacturing__JP__GaN_wafer_characterized_inventory.csv,1800,15,profile_generated,Aggregated LiAISON total_life_cycle characterized inventory to one row per substance and TRACI category.
Wafer manufacturing,KR,GaAs_wafer,LiAISON local masterfile folder/liaison_lcia_results_gallium_topology_expanded_patch_v2/raw/gallium_topology_expanded_patch_v2_total_life_cycle__Wafer_manufacturing__KR__GaAs_wafer_characterized_inventory.csv,1800,15,profile_generated,Aggregated LiAISON total_life_cycle characterized inventory to one row per substance and TRACI category.
Wafer manufacturing,KR,GaN_wafer,LiAISON local masterfile folder/liaison_lcia_results_gallium_topology_expanded_patch_v2/raw/gallium_topology_expanded_patch_v2_total_life_cycle__Wafer_manufacturing__KR__GaN_wafer_characterized_inventory.csv,1800,15,profile_generated,Aggregated LiAISON total_life_cycle characterized inventory to one row per substance and TRACI category.
Wafer manufacturing,US,GaAs_wafer,LiAISON local masterfile folder/liaison_lcia_results_gallium_topology_expanded_patch_v2/raw/gallium_topology_expanded_patch_v2_total_life_cycle__Wafer_manufacturing__US__GaAs_wafer_characterized_inventory.csv,1800,15,profile_generated,Aggregated LiAISON total_life_cycle characterized inventory to one row per substance and TRACI category.
Wafer manufacturing,US,GaN_wafer,LiAISON local masterfile folder/liaison_lcia_results_gallium_topology_expanded_patch_v2/raw/gallium_topology_expanded_patch_v2_total_life_cycle__Wafer_manufacturing__US__GaN_wafer_characterized_inventory.csv,1800,15,profile_generated,Aggregated LiAISON total_life_cycle characterized inventory to one row per substance and TRACI category.
ZLR refining,CN,4N_Ga,LiAISON local masterfile folder/liaison_lcia_results_gallium_topology_expanded_patch_v2/raw/gallium_topology_expanded_patch_v2_total_life_cycle__ZLR_refining__CN__4N_Ga_characterized_inventory.csv,1800,15,profile_generated,Aggregated LiAISON total_life_cycle characterized inventory to one row per substance and TRACI category.
ZLR refining,JP,4N_Ga,LiAISON local masterfile folder/liaison_lcia_results_gallium_topology_expanded_patch_v2/raw/gallium_topology_expanded_patch_v2_total_life_cycle__ZLR_refining__JP__4N_Ga_characterized_inventory.csv,1800,15,profile_generated,Aggregated LiAISON total_life_cycle characterized inventory to one row per substance and TRACI category.
ZLR refining,KR,4N_Ga,LiAISON local masterfile folder/liaison_lcia_results_gallium_topology_expanded_patch_v2/raw/gallium_topology_expanded_patch_v2_total_life_cycle__ZLR_refining__KR__4N_Ga_characterized_inventory.csv,1800,15,profile_generated,Aggregated LiAISON total_life_cycle characterized inventory to one row per substance and TRACI category.
ZLR refining,US,4N_Ga,LiAISON local masterfile folder/liaison_lcia_results_gallium_topology_expanded_patch_v2/raw/gallium_topology_expanded_patch_v2_total_life_cycle__ZLR_refining__US__4N_Ga_characterized_inventory.csv,1800,15,profile_generated,Aggregated LiAISON total_life_cycle characterized inventory to one row per substance and TRACI category.
ZS mining,AU,Zn_sphalerite_concentrate,LiAISON local masterfile folder/liaison_lcia_results_gallium_topology_expanded_patch_v2/raw/gallium_topology_expanded_patch_v2_total_life_cycle__ZS_mining__AU__Zn_sphalerite_concentrate_characterized_inventory.csv,1800,15,profile_generated,Aggregated LiAISON total_life_cycle characterized inventory to one row per substance and TRACI category.
ZS mining,CA,Zn_sphalerite_concentrate,LiAISON local masterfile folder/liaison_lcia_results_gallium_topology_expanded_patch_v2/raw/gallium_topology_expanded_patch_v2_total_life_cycle__ZS_mining__CA__Zn_sphalerite_concentrate_characterized_inventory.csv,1800,15,profile_generated,Aggregated LiAISON total_life_cycle characterized inventory to one row per substance and TRACI category.
ZS mining,CN,Zn_sphalerite_concentrate,LiAISON local masterfile folder/liaison_lcia_results_gallium_topology_expanded_patch_v2/raw/gallium_topology_expanded_patch_v2_total_life_cycle__ZS_mining__CN__Zn_sphalerite_concentrate_characterized_inventory.csv,1800,15,profile_generated,Aggregated LiAISON total_life_cycle characterized inventory to one row per substance and TRACI category.
ZS mining,KZ,Zn_sphalerite_concentrate,LiAISON local masterfile folder/liaison_lcia_results_gallium_topology_expanded_patch_v2/raw/gallium_topology_expanded_patch_v2_total_life_cycle__ZS_mining__KZ__Zn_sphalerite_concentrate_characterized_inventory.csv,1800,15,profile_generated,Aggregated LiAISON total_life_cycle characterized inventory to one row per substance and TRACI category.
ZS mining,US,Zn_sphalerite_concentrate,LiAISON local masterfile folder/liaison_lcia_results_gallium_topology_expanded_patch_v2/raw/gallium_topology_expanded_patch_v2_total_life_cycle__ZS_mining__US__Zn_sphalerite_concentrate_characterized_inventory.csv,1800,15,profile_generated,Aggregated LiAISON total_life_cycle characterized inventory to one row per substance and TRACI category.
Zinc concentration,AU,Zn_sphalerite_concentrate,LiAISON local masterfile folder/liaison_lcia_results_gallium_topology_expanded_patch_v2/raw/gallium_topology_expanded_patch_v2_total_life_cycle__Zinc_concentration__AU__Zn_sphalerite_concentrate_characterized_inventory.csv,0,0,empty_characterized_inventory,No characterized inventory contributions were present for this total-life-cycle variant.
Zinc concentration,CA,Zn_sphalerite_concentrate,LiAISON local masterfile folder/liaison_lcia_results_gallium_topology_expanded_patch_v2/raw/gallium_topology_expanded_patch_v2_total_life_cycle__Zinc_concentration__CA__Zn_sphalerite_concentrate_characterized_inventory.csv,0,0,empty_characterized_inventory,No characterized inventory contributions were present for this total-life-cycle variant.
Zinc concentration,CN,Zn_sphalerite_concentrate,LiAISON local masterfile folder/liaison_lcia_results_gallium_topology_expanded_patch_v2/raw/gallium_topology_expanded_patch_v2_total_life_cycle__Zinc_concentration__CN__Zn_sphalerite_concentrate_characterized_inventory.csv,0,0,empty_characterized_inventory,No characterized inventory contributions were present for this total-life-cycle variant.
Zinc concentration,JP,Zn_sphalerite_concentrate,LiAISON local masterfile folder/liaison_lcia_results_gallium_topology_expanded_patch_v2/raw/gallium_topology_expanded_patch_v2_total_life_cycle__Zinc_concentration__JP__Zn_sphalerite_concentrate_characterized_inventory.csv,0,0,empty_characterized_inventory,No characterized inventory contributions were present for this total-life-cycle variant.
Zinc concentration,KR,Zn_sphalerite_concentrate,LiAISON local masterfile folder/liaison_lcia_results_gallium_topology_expanded_patch_v2/raw/gallium_topology_expanded_patch_v2_total_life_cycle__Zinc_concentration__KR__Zn_sphalerite_concentrate_characterized_inventory.csv,0,0,empty_characterized_inventory,No characterized inventory contributions were present for this total-life-cycle variant.
Zinc concentration,KZ,Zn_sphalerite_concentrate,LiAISON local masterfile folder/liaison_lcia_results_gallium_topology_expanded_patch_v2/raw/gallium_topology_expanded_patch_v2_total_life_cycle__Zinc_concentration__KZ__Zn_sphalerite_concentrate_characterized_inventory.csv,0,0,empty_characterized_inventory,No characterized inventory contributions were present for this total-life-cycle variant.
Zinc concentration,US,Zn_sphalerite_concentrate,LiAISON local masterfile folder/liaison_lcia_results_gallium_topology_expanded_patch_v2/raw/gallium_topology_expanded_patch_v2_total_life_cycle__Zinc_concentration__US__Zn_sphalerite_concentrate_characterized_inventory.csv,0,0,empty_characterized_inventory,No characterized inventory contributions were present for this total-life-cycle variant.
Zinc smelting/refining,CN,ZLR_Zn_residue,LiAISON local masterfile folder/liaison_lcia_results_gallium_topology_expanded_patch_v2/raw/gallium_topology_expanded_patch_v2_total_life_cycle__Zinc_smelting_refining__CN__ZLR_Zn_residue_characterized_inventory.csv,1800,15,profile_generated,Aggregated LiAISON total_life_cycle characterized inventory to one row per substance and TRACI category.
Zinc smelting/refining,JP,ZLR_Zn_residue,LiAISON local masterfile folder/liaison_lcia_results_gallium_topology_expanded_patch_v2/raw/gallium_topology_expanded_patch_v2_total_life_cycle__Zinc_smelting_refining__JP__ZLR_Zn_residue_characterized_inventory.csv,1800,15,profile_generated,Aggregated LiAISON total_life_cycle characterized inventory to one row per substance and TRACI category.
Zinc smelting/refining,KR,ZLR_Zn_residue,LiAISON local masterfile folder/liaison_lcia_results_gallium_topology_expanded_patch_v2/raw/gallium_topology_expanded_patch_v2_total_life_cycle__Zinc_smelting_refining__KR__ZLR_Zn_residue_characterized_inventory.csv,1800,15,profile_generated,Aggregated LiAISON total_life_cycle characterized inventory to one row per substance and TRACI category.
Zinc smelting/refining,US,ZLR_Zn_residue,LiAISON local masterfile folder/liaison_lcia_results_gallium_topology_expanded_patch_v2/raw/gallium_topology_expanded_patch_v2_total_life_cycle__Zinc_smelting_refining__US__ZLR_Zn_residue_characterized_inventory.csv,1800,15,profile_generated,Aggregated LiAISON total_life_cycle characterized inventory to one row per substance and TRACI category.
